{"cmarkgfm": 0.00013763904571533202, "markdown": 0.004141497611999512, "markdown2": 0.005015516281127929, "mistune": 0.003780698776245117, "commonmark": 0.0034884214401245117}